{
  "0.0": {
    "gross_sharpe": 2.1209553043833917,
    "gross_ann": 0.10888050580134997,
    "net2bp_sharpe": 0.15740551088863042,
    "net2bp_ann": 0.008080505801349966
  },
  "0.3": {
    "gross_sharpe": 2.3394994924330423,
    "gross_ann": 0.11964243334522395,
    "net2bp_sharpe": 0.3684467292650112,
    "net2bp_ann": 0.018842433345223956
  },
  "0.5": {
    "gross_sharpe": 2.4543536911892225,
    "gross_ann": 0.12628433153853189,
    "net2bp_sharpe": 0.49529155689438065,
    "net2bp_ann": 0.02548433153853186
  },
  "0.7": {
    "gross_sharpe": 2.3024151085621862,
    "gross_ann": 0.1231993682230364,
    "net2bp_sharpe": 0.41861126857080255,
    "net2bp_ann": 0.02239936822303638
  },
  "0.9": {
    "gross_sharpe": 2.0060955738102484,
    "gross_ann": 0.10369781100748005,
    "net2bp_sharpe": 0.056059870303578396,
    "net2bp_ann": 0.0028978110074800354
  },
  "0.95": {
    "gross_sharpe": 2.0660943400233815,
    "gross_ann": 0.10653566907924031,
    "net2bp_sharpe": 0.11123442057749933,
    "net2bp_ann": 0.005735669079240301
  }
}