{
  "turnover_yen_M": {
    "Trading": 92.00005990880435,
    "Banks": 77.62392542260491,
    "FinExBanks": 37.427798232088996,
    "PowerGas": 27.772877252535654,
    "AutoTransp": 26.6449278504195,
    "ElecPrecision": 21.559429595390306,
    "Pharma": 18.423486788513056,
    "RealEstate": 15.582324963797003,
    "Machinery": 14.661195501082842,
    "EnergyRes": 14.333272370672645,
    "SteelNonferr": 13.818492316478439,
    "Retail": 11.718951386939327,
    "TranspLog": 10.488393122878433,
    "Construction": 9.624893226658752,
    "ITServices": 8.94690766268288,
    "RawMatChem": 8.347232627338135,
    "Foods": 8.199624720578798
  },
  "n_liquid_100M": 0,
  "by_k": {
    "4": {
      "gross": {
        "ann": 0.08548371977815836,
        "sharpe": 0.7628683597666496,
        "maxdd": -0.2941795105537459
      },
      "net1bp": {
        "ann": 0.03508371977815841,
        "sharpe": 0.31309189435290474,
        "maxdd": -0.3585840216750412
      },
      "net2bp": {
        "ann": -0.015316280221841647,
        "sharpe": -0.1366845710608411,
        "maxdd": -0.4230846692474799
      }
    },
    "6": {
      "gross": {
        "ann": 0.039044726016338765,
        "sharpe": 0.5064832074653276,
        "maxdd": -0.12868121705111613
      },
      "net1bp": {
        "ann": -0.01135527398366123,
        "sharpe": -0.1472991662557868,
        "maxdd": -0.2583911170087487
      },
      "net2bp": {
        "ann": -0.06175527398366125,
        "sharpe": -0.8010815399769016,
        "maxdd": -0.4332553087368295
      }
    },
    "8": {
      "gross": {
        "ann": 0.11735227857527931,
        "sharpe": 1.509812203841975,
        "maxdd": -0.10102016958257976
      },
      "net1bp": {
        "ann": 0.06695227857527934,
        "sharpe": 0.8613839330195873,
        "maxdd": -0.1582931907423012
      },
      "net2bp": {
        "ann": 0.016552278575279293,
        "sharpe": 0.21295566219719866,
        "maxdd": -0.22093624240474208
      }
    },
    "12": {
      "gross": {
        "ann": 0.0923722141669768,
        "sharpe": 1.5788499513704173,
        "maxdd": -0.09133635775297
      },
      "net1bp": {
        "ann": 0.04197221416697681,
        "sharpe": 0.7174000200606961,
        "maxdd": -0.13417916869785562
      },
      "net2bp": {
        "ann": -0.008427785833023232,
        "sharpe": -0.1440499112490259,
        "maxdd": -0.2547174654838158
      }
    },
    "17": {
      "gross": {
        "ann": 0.10369781100748005,
        "sharpe": 2.0060955738102484,
        "maxdd": -0.06024267423934926
      },
      "net1bp": {
        "ann": 0.05329781100748005,
        "sharpe": 1.0310777220569136,
        "maxdd": -0.07739084085418635
      },
      "net2bp": {
        "ann": 0.0028978110074800354,
        "sharpe": 0.056059870303578396,
        "maxdd": -0.16074205205976766
      }
    }
  }
}