{
  "tradable_compare": {
    "mom": {
      "gross": {
        "ann": 0.05509470907823638,
        "sharpe": 1.009913453119122,
        "maxdd": -0.07557462194136899
      },
      "net2bp": {
        "ann": -0.04570529092176365,
        "sharpe": -0.8378007426278609,
        "maxdd": -0.31478519942364247
      },
      "net5bp": {
        "ann": -0.19690529092176365,
        "sharpe": -3.6093720362483346,
        "maxdd": -0.7281426702720997
      }
    },
    "plain": {
      "gross": {
        "ann": 0.10888050580134997,
        "sharpe": 2.1209553043833917,
        "maxdd": -0.04621569671945491
      },
      "net2bp": {
        "ann": 0.008080505801349966,
        "sharpe": 0.15740551088863042,
        "maxdd": -0.14972899033931586
      },
      "net5bp": {
        "ann": -0.14311949419865003,
        "sharpe": -2.787919179353511,
        "maxdd": -0.6308834783377466
      }
    },
    "reg": {
      "gross": {
        "ann": 0.10369781100748005,
        "sharpe": 2.0060955738102484,
        "maxdd": -0.06024267423934926
      },
      "net2bp": {
        "ann": 0.0028978110074800354,
        "sharpe": 0.056059870303578396,
        "maxdd": -0.16074205205976766
      },
      "net5bp": {
        "ann": -0.14830218899251996,
        "sharpe": -2.8689936849564264,
        "maxdd": -0.6316602170169993
      }
    }
  },
  "feasible_cost_ladder": {
    "0": {
      "ann": 0.10369781100748005,
      "sharpe": 2.0060955738102484,
      "maxdd": -0.06024267423934926
    },
    "1": {
      "ann": 0.05329781100748005,
      "sharpe": 1.0310777220569136,
      "maxdd": -0.07739084085418635
    },
    "2": {
      "ann": 0.0028978110074800354,
      "sharpe": 0.056059870303578396,
      "maxdd": -0.16074205205976766
    },
    "3": {
      "ann": -0.04750218899251993,
      "sharpe": -0.9189579814497558,
      "maxdd": -0.3582416272506076
    },
    "5": {
      "ann": -0.14830218899251996,
      "sharpe": -2.8689936849564264,
      "maxdd": -0.6316602170169993
    },
    "10": {
      "ann": -0.40030218899251996,
      "sharpe": -7.744082943723101,
      "maxdd": -0.9272911967425876
    }
  },
  "decomp": {
    "cc": {
      "ann": 0.27268139305126937,
      "sharpe": 3.941899361089681,
      "maxdd": -0.04436353448916597
    },
    "co": {
      "ann": 0.16995298806821338,
      "sharpe": 3.5344155029592206,
      "maxdd": -0.033885072436029784
    },
    "oc": {
      "ann": 0.10369781100748005,
      "sharpe": 2.0060955738102484,
      "maxdd": -0.06024267423934926
    }
  },
  "gap_share_of_cc": 0.6232658054385799,
  "oos_honest": {
    "full_2019_2025": {
      "gross": {
        "ann": 0.10369781100748005,
        "sharpe": 2.0060955738102484,
        "maxdd": -0.06024267423934926
      },
      "net2bp": {
        "ann": 0.0028978110074800354,
        "sharpe": 0.056059870303578396,
        "maxdd": -0.16074205205976766
      }
    },
    "IS_2019_2023": {
      "gross": {
        "ann": 0.11279361699915522,
        "sharpe": 2.2337105244589606,
        "maxdd": -0.05848153894739849
      },
      "net2bp": {
        "ann": 0.0119936169991552,
        "sharpe": 0.23751582075378894,
        "maxdd": -0.16074205205976766
      }
    },
    "OOS_2024_2025": {
      "gross": {
        "ann": 0.0820438037392328,
        "sharpe": 1.5064723276629899,
        "maxdd": -0.06024267423934926
      },
      "net2bp": {
        "ann": -0.018756196260767223,
        "sharpe": -0.3443976187265704,
        "maxdd": -0.13009556409749345
      }
    },
    "2020_covid": {
      "gross": {
        "ann": 0.09941210915325653,
        "sharpe": 1.5020156430572609,
        "maxdd": -0.05848153894739894
      },
      "net2bp": {
        "ann": -0.0013878908467434591,
        "sharpe": -0.02096961608017925,
        "maxdd": -0.07747522218995184
      }
    },
    "2022_bear": {
      "gross": {
        "ann": 0.14116121377052476,
        "sharpe": 2.6681018759995823,
        "maxdd": -0.02187720671445259
      },
      "net2bp": {
        "ann": 0.04036121377052475,
        "sharpe": 0.7628712399272601,
        "maxdd": -0.03930332945895498
      }
    }
  }
}